<?xml version="1.0" encoding="utf-8" standalone="yes"?>
<rss version="2.0" xmlns:atom="http://www.w3.org/2005/Atom" xmlns:content="http://purl.org/rss/1.0/modules/content/">
  <channel>
    <title>业余无线电 on lisolaris&#39;s blog</title>
    <link>http://localhost:1313/tags/%E4%B8%9A%E4%BD%99%E6%97%A0%E7%BA%BF%E7%94%B5/</link>
    <description>Recent content in 业余无线电 on lisolaris&#39;s blog</description>
    <image>
      <title>lisolaris&#39;s blog</title>
      <url>https://s.gravatar.com/avatar/ca6b899274fa556db7e5cf9c54325448</url>
      <link>https://s.gravatar.com/avatar/ca6b899274fa556db7e5cf9c54325448</link>
    </image>
    <generator>Hugo -- 0.144.0</generator>
    <language>zh-CN</language>
    <lastBuildDate>Fri, 27 Dec 2024 00:35:30 +0800</lastBuildDate>
    <atom:link href="http://localhost:1313/tags/%E4%B8%9A%E4%BD%99%E6%97%A0%E7%BA%BF%E7%94%B5/index.xml" rel="self" type="application/rss+xml" />
    <item>
      <title>业余无线电：从准备考试到设立电台（2024）</title>
      <link>http://localhost:1313/articles/2024/12/amateur-radio-from-examing-to-set-up-station/</link>
      <pubDate>Fri, 27 Dec 2024 00:35:30 +0800</pubDate>
      <guid>http://localhost:1313/articles/2024/12/amateur-radio-from-examing-to-set-up-station/</guid>
      <description>&lt;blockquote&gt;
&lt;p&gt;CQ CQ CQ，这里是BA7IOC, Bravo Alpha Seven Italy Oscar Charlie, Bravo Alpha Seven Italy Oscar Charlie, Bravo Alpha Seven Italy Oscar Charlie, 呼叫频率上的友台，完毕。&lt;/p&gt;&lt;/blockquote&gt;
&lt;p&gt;前几年偶然接触到业余无线电，但当时也只仅限于收听。后来在网上查到隔壁市正组织业余无线电A证考试，遂去考试通过后拿到了A类的业余无线电操作证书（还被当地的黑心协会收了300块考试费，现在想起来真是肉痛）。最近又借着将同学拉进坑的机会一起报考了B类操作证并顺利通过，在等待操作证书寄达的这段时间里将整个从考试到设台申请呼号的流程记录下来，以备参考。&lt;/p&gt;</description>
    </item>
  </channel>
</rss>
