<?xml version="1.0" encoding="utf-8" standalone="yes"?>
<rss version="2.0" xmlns:atom="http://www.w3.org/2005/Atom" xmlns:content="http://purl.org/rss/1.0/modules/content/">
  <channel>
    <title>Posts on lisolaris&#39;s blog</title>
    <link>http://localhost:1313/articles/</link>
    <description>Recent content in Posts on lisolaris&#39;s blog</description>
    <image>
      <title>lisolaris&#39;s blog</title>
      <url>https://s.gravatar.com/avatar/ca6b899274fa556db7e5cf9c54325448</url>
      <link>https://s.gravatar.com/avatar/ca6b899274fa556db7e5cf9c54325448</link>
    </image>
    <generator>Hugo -- 0.144.0</generator>
    <language>zh-CN</language>
    <lastBuildDate>Wed, 19 Mar 2025 18:33:26 +0800</lastBuildDate>
    <atom:link href="http://localhost:1313/articles/index.xml" rel="self" type="application/rss+xml" />
    <item>
      <title>为PaperMod主题增加代码语法高亮适应亮/暗模式</title>
      <link>http://localhost:1313/articles/2025/03/add-code-highlight-adjust-light-dark-theme/</link>
      <pubDate>Wed, 19 Mar 2025 18:33:26 +0800</pubDate>
      <guid>http://localhost:1313/articles/2025/03/add-code-highlight-adjust-light-dark-theme/</guid>
      <description>&lt;p&gt;PaperMod主题虽然挺简洁的，但是它原生的代码块只有黑色背景，在白色主题下看起来相当丑，遂想办法解决。&lt;/p&gt;
&lt;p&gt;查了一番后发现Hugo使用的是一个叫做&lt;code&gt;highlight.js&lt;/code&gt;&lt;sup id=&#34;fnref:1&#34;&gt;&lt;a href=&#34;#fn:1&#34; class=&#34;footnote-ref&#34; role=&#34;doc-noteref&#34;&gt;1&lt;/a&gt;&lt;/sup&gt;的项目，并且可以直接在网页头部导入这个JavaScript：&lt;/p&gt;</description>
    </item>
    <item>
      <title>深夜闲谈 0x02</title>
      <link>http://localhost:1313/articles/2025/03/midnight-chat-0x02/</link>
      <pubDate>Tue, 18 Mar 2025 00:50:15 +0800</pubDate>
      <guid>http://localhost:1313/articles/2025/03/midnight-chat-0x02/</guid>
      <description>&lt;h3 id=&#34;0x02&#34;&gt;0x02&lt;/h3&gt;
&lt;p&gt;又到了晚上闲谈时间——&lt;/p&gt;
&lt;p&gt;打算重新把自动控制原理捡起来，虽然以前学过但总归是印象不深，现在打算再照着课本复习一遍，顺便把以前学习时的心得体会记录在博客上。其实这门学科可以说是工科课程的代表：用（相对来说）不那么严谨的数学去解决具有强现实意义的工程问题，同一个问题可以有许多方法相互验证，殊途同归，当然还少不了大量充满奇怪参数的经验公式XD&lt;/p&gt;</description>
    </item>
    <item>
      <title>自动控制原理 - 01 - 一般概念，数学模型与拉普拉斯变换</title>
      <link>http://localhost:1313/articles/2025/03/control-theory-review-01/</link>
      <pubDate>Mon, 17 Mar 2025 16:43:01 +0800</pubDate>
      <guid>http://localhost:1313/articles/2025/03/control-theory-review-01/</guid>
      <description>&lt;p&gt;打算开个系列内容记录一下学习自动控制原理时我的一些理解和体会，也顺便在这个过程中再复习一遍经典控制理论。学习进程主要跟着西北工业大学卢京潮老师的录播课程&lt;sup id=&#34;fnref:1&#34;&gt;&lt;a href=&#34;#fn:1&#34; class=&#34;footnote-ref&#34; role=&#34;doc-noteref&#34;&gt;1&lt;/a&gt;&lt;/sup&gt;进行的（相信大部分同学也是看这个课程学习的自控），使用的教材是卢老师主编的《自动控制原理》，后面的文章也会基本按照卢老师教材中的目录安排；当然还有一些其他的图书值得参考，附列在这篇文章的最后。可以自行查阅。&lt;/p&gt;</description>
    </item>
    <item>
      <title>深夜闲谈 0x01</title>
      <link>http://localhost:1313/articles/2025/02/midnight-chat-0x01/</link>
      <pubDate>Tue, 18 Feb 2025 02:06:51 +0800</pubDate>
      <guid>http://localhost:1313/articles/2025/02/midnight-chat-0x01/</guid>
      <description>&lt;h3 id=&#34;0x01&#34;&gt;0x01&lt;/h3&gt;
&lt;p&gt;之前创建这个博客的时候想的是当日记来写的，但是后来不知不觉就写成了某种教程集合……感觉不是很有用的东西就不想放上来了。最近又想起来写博客的目的，遂打算开始一个新的节分类专门放闲扯淡的内容。这一篇是第一篇，所以是0x01.&lt;/p&gt;</description>
    </item>
    <item>
      <title>NVIDIA矿卡折腾记</title>
      <link>http://localhost:1313/articles/2025/02/nvidia-mining-card/</link>
      <pubDate>Sat, 15 Feb 2025 18:30:41 +0800</pubDate>
      <guid>http://localhost:1313/articles/2025/02/nvidia-mining-card/</guid>
      <description>&lt;h2 id=&#34;背景介绍&#34;&gt;背景介绍&lt;/h2&gt;
&lt;p&gt;从比特币、以太坊到现在的各种山寨币和meme币，基本都使用了一种被称为“工作量证明”的机制来激励矿工，保证整个虚拟币交易网络可以持续运行下去。这个过程需要进行大量的重复计算，而GPU在处理这种问题上具有天然的优势。早期矿工使用的是消费级显卡，后来NVIDIA（据说是）为了缓解显卡不足推出了CMP系列的矿卡&lt;/p&gt;</description>
    </item>
    <item>
      <title>业余无线电：从准备考试到设立电台（2024）</title>
      <link>http://localhost:1313/articles/2024/12/amateur-radio-from-examing-to-set-up-station/</link>
      <pubDate>Fri, 27 Dec 2024 00:35:30 +0800</pubDate>
      <guid>http://localhost:1313/articles/2024/12/amateur-radio-from-examing-to-set-up-station/</guid>
      <description>&lt;blockquote&gt;
&lt;p&gt;CQ CQ CQ，这里是BA7IOC, Bravo Alpha Seven Italy Oscar Charlie, Bravo Alpha Seven Italy Oscar Charlie, Bravo Alpha Seven Italy Oscar Charlie, 呼叫频率上的友台，完毕。&lt;/p&gt;&lt;/blockquote&gt;
&lt;p&gt;前几年偶然接触到业余无线电，但当时也只仅限于收听。后来在网上查到隔壁市正组织业余无线电A证考试，遂去考试通过后拿到了A类的业余无线电操作证书（还被当地的黑心协会收了300块考试费，现在想起来真是肉痛）。最近又借着将同学拉进坑的机会一起报考了B类操作证并顺利通过，在等待操作证书寄达的这段时间里将整个从考试到设台申请呼号的流程记录下来，以备参考。&lt;/p&gt;</description>
    </item>
    <item>
      <title>硬改联想M910q小主机增加第二个M.2接口</title>
      <link>http://localhost:1313/articles/2024/08/add-second-m2-slot-on-lenovo-m910q/</link>
      <pubDate>Thu, 29 Aug 2024 14:32:33 +0800</pubDate>
      <guid>http://localhost:1313/articles/2024/08/add-second-m2-slot-on-lenovo-m910q/</guid>
      <description>&lt;p&gt;&lt;del&gt;打开VSCode切到博客仓库想写点什么才发现这篇文章还没开始动笔，现在就开始写&lt;/del&gt;&lt;/p&gt;
&lt;p&gt;之前在海鲜市场收了一个联想M910q的MFF小主机，作为家里电脑的换代升级（之前是一台i5-4590的惠普SFF机器，我还挺喜欢这种小型主机的）。之所以买这个型号是因为之前看了许多评测和比较：戴尔和惠普的机器拓展性比较一般；联想同代低一级的M710q芯片组太丐并且没有便宜多少；高一级的M910x又因为加了些用不上的功能而显得太贵了（加了一个PCIE 8x的接口，但由于主机空间和散热受限只能上联想定制的阉割版RX 470显卡；并且为了腾出显卡的空间砍掉了2.5寸SATA硬盘位，然后加了一个M.2 SATA的硬盘位作为补偿）。&lt;/p&gt;</description>
    </item>
    <item>
      <title>使用额外的JavaScript脚本优化知乎推荐流的浏览体验</title>
      <link>http://localhost:1313/articles/2024/06/optimize-zhihu-web-page-with-additional-javascript/</link>
      <pubDate>Wed, 26 Jun 2024 18:59:24 +0800</pubDate>
      <guid>http://localhost:1313/articles/2024/06/optimize-zhihu-web-page-with-additional-javascript/</guid>
      <description>&lt;p&gt;最近刷知乎的时候实在受不了首页给我推荐的低质量内容了，故学习了一番JavaScript，写了一个脚本（&lt;a href=&#34;https://greasyfork.org/zh-CN/scripts/498139-%E7%9F%A5%E4%B9%8E%E6%8E%A8%E8%8D%90%E6%B5%81%E4%BC%98%E5%8C%96&#34;&gt;知乎推荐流优化&lt;/a&gt;）来改善知乎网页端的浏览体验。现将学习过程记录一二，希望以后能够用上……&lt;/p&gt;
&lt;p&gt;&lt;del&gt;其实这篇文章已经在编辑器里躺了很久了，一直没有来写完&lt;/del&gt;&lt;/p&gt;</description>
    </item>
    <item>
      <title>使用LockWorkStation让笔记本的可编程按键发挥作用</title>
      <link>http://localhost:1313/articles/2024/03/programming-key-on-laptop-as-lockscreen-key/</link>
      <pubDate>Fri, 22 Mar 2024 16:22:45 +0800</pubDate>
      <guid>http://localhost:1313/articles/2024/03/programming-key-on-laptop-as-lockscreen-key/</guid>
      <description>&lt;p&gt;总感觉已经许久没有写过blog了……虽然有在给域名续费，但都做的是DDNS方面的用途（顺便推荐一下Cloudflare的DNS解析服务，虽然在国内比较慢但还算方便）。写这个文章主要是想起来之前曾就怎么利用惠普笔记本上自带的F12可编程按键（可以通过系统中的HP Progrommable Key的UWP程序来编辑功能）实现按下即锁定计算机折腾过一番，特来灌水一篇（&lt;/p&gt;</description>
    </item>
    <item>
      <title>Hello World</title>
      <link>http://localhost:1313/articles/2023/03/helloworld/</link>
      <pubDate>Mon, 06 Mar 2023 18:00:00 +0800</pubDate>
      <guid>http://localhost:1313/articles/2023/03/helloworld/</guid>
      <description>&lt;p&gt;你好，欢迎来到我的博客!&lt;br&gt;
在拖延好几个星期后，我终于完成了个人页面的搭建（通过&lt;del&gt;Github Pages&lt;/del&gt; Cloudflare Pages托管）。今后应该会不定期更新一些感想和发现……也希望你能看得开心:D&lt;/p&gt;</description>
    </item>
  </channel>
</rss>
