<?xml version="1.0" encoding="utf-8" standalone="yes"?>
<rss version="2.0" xmlns:atom="http://www.w3.org/2005/Atom" xmlns:content="http://purl.org/rss/1.0/modules/content/">
  <channel>
    <title>DIY on lisolaris&#39;s blog</title>
    <link>http://localhost:1313/tags/diy/</link>
    <description>Recent content in DIY on lisolaris&#39;s blog</description>
    <image>
      <title>lisolaris&#39;s blog</title>
      <url>https://s.gravatar.com/avatar/ca6b899274fa556db7e5cf9c54325448</url>
      <link>https://s.gravatar.com/avatar/ca6b899274fa556db7e5cf9c54325448</link>
    </image>
    <generator>Hugo -- 0.144.0</generator>
    <language>zh-CN</language>
    <lastBuildDate>Sat, 15 Feb 2025 18:30:41 +0800</lastBuildDate>
    <atom:link href="http://localhost:1313/tags/diy/index.xml" rel="self" type="application/rss+xml" />
    <item>
      <title>NVIDIA矿卡折腾记</title>
      <link>http://localhost:1313/articles/2025/02/nvidia-mining-card/</link>
      <pubDate>Sat, 15 Feb 2025 18:30:41 +0800</pubDate>
      <guid>http://localhost:1313/articles/2025/02/nvidia-mining-card/</guid>
      <description>&lt;h2 id=&#34;背景介绍&#34;&gt;背景介绍&lt;/h2&gt;
&lt;p&gt;从比特币、以太坊到现在的各种山寨币和meme币，基本都使用了一种被称为“工作量证明”的机制来激励矿工，保证整个虚拟币交易网络可以持续运行下去。这个过程需要进行大量的重复计算，而GPU在处理这种问题上具有天然的优势。早期矿工使用的是消费级显卡，后来NVIDIA（据说是）为了缓解显卡不足推出了CMP系列的矿卡&lt;/p&gt;</description>
    </item>
    <item>
      <title>硬改联想M910q小主机增加第二个M.2接口</title>
      <link>http://localhost:1313/articles/2024/08/add-second-m2-slot-on-lenovo-m910q/</link>
      <pubDate>Thu, 29 Aug 2024 14:32:33 +0800</pubDate>
      <guid>http://localhost:1313/articles/2024/08/add-second-m2-slot-on-lenovo-m910q/</guid>
      <description>&lt;p&gt;&lt;del&gt;打开VSCode切到博客仓库想写点什么才发现这篇文章还没开始动笔，现在就开始写&lt;/del&gt;&lt;/p&gt;
&lt;p&gt;之前在海鲜市场收了一个联想M910q的MFF小主机，作为家里电脑的换代升级（之前是一台i5-4590的惠普SFF机器，我还挺喜欢这种小型主机的）。之所以买这个型号是因为之前看了许多评测和比较：戴尔和惠普的机器拓展性比较一般；联想同代低一级的M710q芯片组太丐并且没有便宜多少；高一级的M910x又因为加了些用不上的功能而显得太贵了（加了一个PCIE 8x的接口，但由于主机空间和散热受限只能上联想定制的阉割版RX 470显卡；并且为了腾出显卡的空间砍掉了2.5寸SATA硬盘位，然后加了一个M.2 SATA的硬盘位作为补偿）。&lt;/p&gt;</description>
    </item>
  </channel>
</rss>
