<?xml version="1.0" encoding="utf-8" standalone="yes"?>
<rss version="2.0" xmlns:atom="http://www.w3.org/2005/Atom" xmlns:content="http://purl.org/rss/1.0/modules/content/">
  <channel>
    <title>教程 on lisolaris&#39;s blog</title>
    <link>http://localhost:1313/categories/%E6%95%99%E7%A8%8B/</link>
    <description>Recent content in 教程 on lisolaris&#39;s blog</description>
    <image>
      <title>lisolaris&#39;s blog</title>
      <url>https://s.gravatar.com/avatar/ca6b899274fa556db7e5cf9c54325448</url>
      <link>https://s.gravatar.com/avatar/ca6b899274fa556db7e5cf9c54325448</link>
    </image>
    <generator>Hugo -- 0.144.0</generator>
    <language>zh-CN</language>
    <lastBuildDate>Thu, 29 Aug 2024 14:32:33 +0800</lastBuildDate>
    <atom:link href="http://localhost:1313/categories/%E6%95%99%E7%A8%8B/index.xml" rel="self" type="application/rss+xml" />
    <item>
      <title>硬改联想M910q小主机增加第二个M.2接口</title>
      <link>http://localhost:1313/articles/2024/08/add-second-m2-slot-on-lenovo-m910q/</link>
      <pubDate>Thu, 29 Aug 2024 14:32:33 +0800</pubDate>
      <guid>http://localhost:1313/articles/2024/08/add-second-m2-slot-on-lenovo-m910q/</guid>
      <description>&lt;p&gt;&lt;del&gt;打开VSCode切到博客仓库想写点什么才发现这篇文章还没开始动笔，现在就开始写&lt;/del&gt;&lt;/p&gt;
&lt;p&gt;之前在海鲜市场收了一个联想M910q的MFF小主机，作为家里电脑的换代升级（之前是一台i5-4590的惠普SFF机器，我还挺喜欢这种小型主机的）。之所以买这个型号是因为之前看了许多评测和比较：戴尔和惠普的机器拓展性比较一般；联想同代低一级的M710q芯片组太丐并且没有便宜多少；高一级的M910x又因为加了些用不上的功能而显得太贵了（加了一个PCIE 8x的接口，但由于主机空间和散热受限只能上联想定制的阉割版RX 470显卡；并且为了腾出显卡的空间砍掉了2.5寸SATA硬盘位，然后加了一个M.2 SATA的硬盘位作为补偿）。&lt;/p&gt;</description>
    </item>
    <item>
      <title>教程：如何在服务器上使用内网穿透</title>
      <link>http://localhost:1313/tutorials/2023/03/howto-using-intranet-passing-on-server/</link>
      <pubDate>Tue, 14 Mar 2023 20:40:35 +0800</pubDate>
      <guid>http://localhost:1313/tutorials/2023/03/howto-using-intranet-passing-on-server/</guid>
      <description>&lt;p&gt;上一篇文章讲到了&lt;a href=&#34;https://blog.sorali.org/2023/03/%E6%95%99%E7%A8%8B%E5%A6%82%E4%BD%95%E5%9C%A8windows%E6%9C%BA%E5%99%A8%E4%B8%8A%E6%9E%B6%E8%AE%BEminecraft%E6%9C%8D%E5%8A%A1%E5%99%A8/&#34;&gt;如何在Windows机器上架设Minecraft服务器&lt;/a&gt;，现在我们来看看如何在内网环境下让其他朋友也能访问到自己的服务器。本篇也同样适用于一些其他支持局域网联机的游戏。&lt;/p&gt;
&lt;h2 id=&#34;前置知识&#34;&gt;前置知识&lt;/h2&gt;
&lt;h3 id=&#34;ip地址&#34;&gt;IP地址&lt;/h3&gt;
&lt;p&gt;&lt;em&gt;&lt;del&gt;不看也可以&lt;/del&gt;&lt;/em&gt;&lt;/p&gt;
&lt;p&gt;可能不少同学都或多或少地听过IP地址这个词。这里我们不讲严格定义，你只需要明白IP地址可以用来区分每一台联网的计算机就可以了。但由于技术上的限制和历史原因，IP地址是有限的（并且上限还不高，前几年已经完全分配完，也就是枯竭了），然而对于连接公网（国际互联网）来说IP地址又是不可或缺的一部分。于是，像三大运营商和部分小运营商（广电、长城之流）就会让许多用户使用同一个公网IP地址，由运营商的设备负责映射连接。&lt;/p&gt;</description>
    </item>
    <item>
      <title>教程：如何在Windows机器上架设Minecraft服务器</title>
      <link>http://localhost:1313/tutorials/2023/03/howto-set-up-minecraft-server-on-windows/</link>
      <pubDate>Tue, 14 Mar 2023 12:53:17 +0800</pubDate>
      <guid>http://localhost:1313/tutorials/2023/03/howto-set-up-minecraft-server-on-windows/</guid>
      <description>&lt;p&gt;本篇是应群友需求，来介绍一下如何在Windows机器上启动Minecraft服务端供内网用户游玩，以使用服务端上才能运行的插件之类的。关于如何让别人远程连接到你的服务器，可以参见下一篇&lt;a href=&#34;https://blog.sorali.org/2023/03/%E6%95%99%E7%A8%8B%EF%BC%9A%E5%A6%82%E4%BD%95%E5%9C%A8%E6%9C%8D%E5%8A%A1%E5%99%A8%E4%B8%8A%E4%BD%BF%E7%94%A8%E5%86%85%E7%BD%91%E7%A9%BF%E9%80%8F/&#34;&gt;教程：如何在服务器上使用内网穿透&lt;/a&gt;
。&lt;/p&gt;</description>
    </item>
  </channel>
</rss>
