<?xml version="1.0" encoding="utf-8" standalone="yes"?>
<rss version="2.0" xmlns:atom="http://www.w3.org/2005/Atom" xmlns:content="http://purl.org/rss/1.0/modules/content/">
  <channel>
    <title>PaperMod on lisolaris&#39;s blog</title>
    <link>http://localhost:1313/tags/papermod/</link>
    <description>Recent content in PaperMod on lisolaris&#39;s blog</description>
    <image>
      <title>lisolaris&#39;s blog</title>
      <url>https://s.gravatar.com/avatar/ca6b899274fa556db7e5cf9c54325448</url>
      <link>https://s.gravatar.com/avatar/ca6b899274fa556db7e5cf9c54325448</link>
    </image>
    <generator>Hugo -- 0.144.0</generator>
    <language>zh-CN</language>
    <lastBuildDate>Wed, 19 Mar 2025 18:33:26 +0800</lastBuildDate>
    <atom:link href="http://localhost:1313/tags/papermod/index.xml" rel="self" type="application/rss+xml" />
    <item>
      <title>为PaperMod主题增加代码语法高亮适应亮/暗模式</title>
      <link>http://localhost:1313/articles/2025/03/add-code-highlight-adjust-light-dark-theme/</link>
      <pubDate>Wed, 19 Mar 2025 18:33:26 +0800</pubDate>
      <guid>http://localhost:1313/articles/2025/03/add-code-highlight-adjust-light-dark-theme/</guid>
      <description>&lt;p&gt;PaperMod主题虽然挺简洁的，但是它原生的代码块只有黑色背景，在白色主题下看起来相当丑，遂想办法解决。&lt;/p&gt;
&lt;p&gt;查了一番后发现Hugo使用的是一个叫做&lt;code&gt;highlight.js&lt;/code&gt;&lt;sup id=&#34;fnref:1&#34;&gt;&lt;a href=&#34;#fn:1&#34; class=&#34;footnote-ref&#34; role=&#34;doc-noteref&#34;&gt;1&lt;/a&gt;&lt;/sup&gt;的项目，并且可以直接在网页头部导入这个JavaScript：&lt;/p&gt;</description>
    </item>
    <item>
      <title>深夜闲谈 0x02</title>
      <link>http://localhost:1313/articles/2025/03/midnight-chat-0x02/</link>
      <pubDate>Tue, 18 Mar 2025 00:50:15 +0800</pubDate>
      <guid>http://localhost:1313/articles/2025/03/midnight-chat-0x02/</guid>
      <description>&lt;h3 id=&#34;0x02&#34;&gt;0x02&lt;/h3&gt;
&lt;p&gt;又到了晚上闲谈时间——&lt;/p&gt;
&lt;p&gt;打算重新把自动控制原理捡起来，虽然以前学过但总归是印象不深，现在打算再照着课本复习一遍，顺便把以前学习时的心得体会记录在博客上。其实这门学科可以说是工科课程的代表：用（相对来说）不那么严谨的数学去解决具有强现实意义的工程问题，同一个问题可以有许多方法相互验证，殊途同归，当然还少不了大量充满奇怪参数的经验公式XD&lt;/p&gt;</description>
    </item>
  </channel>
</rss>
