<?xml version="1.0" encoding="utf-8" standalone="yes"?>
<rss version="2.0" xmlns:atom="http://www.w3.org/2005/Atom" xmlns:content="http://purl.org/rss/1.0/modules/content/">
  <channel>
    <title>2025-02 on lisolaris&#39;s blog</title>
    <link>http://localhost:1313/tags/2025-02/</link>
    <description>Recent content in 2025-02 on lisolaris&#39;s blog</description>
    <image>
      <title>lisolaris&#39;s blog</title>
      <url>https://s.gravatar.com/avatar/ca6b899274fa556db7e5cf9c54325448</url>
      <link>https://s.gravatar.com/avatar/ca6b899274fa556db7e5cf9c54325448</link>
    </image>
    <generator>Hugo -- 0.144.0</generator>
    <language>zh-CN</language>
    <lastBuildDate>Tue, 18 Feb 2025 02:06:51 +0800</lastBuildDate>
    <atom:link href="http://localhost:1313/tags/2025-02/index.xml" rel="self" type="application/rss+xml" />
    <item>
      <title>深夜闲谈 0x01</title>
      <link>http://localhost:1313/articles/2025/02/midnight-chat-0x01/</link>
      <pubDate>Tue, 18 Feb 2025 02:06:51 +0800</pubDate>
      <guid>http://localhost:1313/articles/2025/02/midnight-chat-0x01/</guid>
      <description>&lt;h3 id=&#34;0x01&#34;&gt;0x01&lt;/h3&gt;
&lt;p&gt;之前创建这个博客的时候想的是当日记来写的，但是后来不知不觉就写成了某种教程集合……感觉不是很有用的东西就不想放上来了。最近又想起来写博客的目的，遂打算开始一个新的节分类专门放闲扯淡的内容。这一篇是第一篇，所以是0x01.&lt;/p&gt;</description>
    </item>
    <item>
      <title>NVIDIA矿卡折腾记</title>
      <link>http://localhost:1313/articles/2025/02/nvidia-mining-card/</link>
      <pubDate>Sat, 15 Feb 2025 18:30:41 +0800</pubDate>
      <guid>http://localhost:1313/articles/2025/02/nvidia-mining-card/</guid>
      <description>&lt;h2 id=&#34;背景介绍&#34;&gt;背景介绍&lt;/h2&gt;
&lt;p&gt;从比特币、以太坊到现在的各种山寨币和meme币，基本都使用了一种被称为“工作量证明”的机制来激励矿工，保证整个虚拟币交易网络可以持续运行下去。这个过程需要进行大量的重复计算，而GPU在处理这种问题上具有天然的优势。早期矿工使用的是消费级显卡，后来NVIDIA（据说是）为了缓解显卡不足推出了CMP系列的矿卡&lt;/p&gt;</description>
    </item>
  </channel>
</rss>
