<?xml version="1.0" encoding="utf-8" standalone="yes"?>
<rss version="2.0" xmlns:atom="http://www.w3.org/2005/Atom" xmlns:content="http://purl.org/rss/1.0/modules/content/">
  <channel>
    <title>Categories on lisolaris&#39;s blog</title>
    <link>http://localhost:1313/categories/</link>
    <description>Recent content in Categories on lisolaris&#39;s blog</description>
    <image>
      <title>lisolaris&#39;s blog</title>
      <url>https://s.gravatar.com/avatar/ca6b899274fa556db7e5cf9c54325448</url>
      <link>https://s.gravatar.com/avatar/ca6b899274fa556db7e5cf9c54325448</link>
    </image>
    <generator>Hugo -- 0.144.0</generator>
    <language>zh-CN</language>
    <lastBuildDate>Tue, 18 Mar 2025 00:50:15 +0800</lastBuildDate>
    <atom:link href="http://localhost:1313/categories/index.xml" rel="self" type="application/rss+xml" />
    <item>
      <title>深夜闲谈</title>
      <link>http://localhost:1313/categories/%E6%B7%B1%E5%A4%9C%E9%97%B2%E8%B0%88/</link>
      <pubDate>Tue, 18 Mar 2025 00:50:15 +0800</pubDate>
      <guid>http://localhost:1313/categories/%E6%B7%B1%E5%A4%9C%E9%97%B2%E8%B0%88/</guid>
      <description></description>
    </item>
    <item>
      <title>自动控制原理</title>
      <link>http://localhost:1313/categories/%E8%87%AA%E5%8A%A8%E6%8E%A7%E5%88%B6%E5%8E%9F%E7%90%86/</link>
      <pubDate>Mon, 17 Mar 2025 16:43:01 +0800</pubDate>
      <guid>http://localhost:1313/categories/%E8%87%AA%E5%8A%A8%E6%8E%A7%E5%88%B6%E5%8E%9F%E7%90%86/</guid>
      <description></description>
    </item>
    <item>
      <title>教程</title>
      <link>http://localhost:1313/categories/%E6%95%99%E7%A8%8B/</link>
      <pubDate>Thu, 29 Aug 2024 14:32:33 +0800</pubDate>
      <guid>http://localhost:1313/categories/%E6%95%99%E7%A8%8B/</guid>
      <description></description>
    </item>
  </channel>
</rss>
