<?xml version="1.0" encoding="utf-8" standalone="yes"?>
<rss version="2.0" xmlns:atom="http://www.w3.org/2005/Atom" xmlns:content="http://purl.org/rss/1.0/modules/content/">
  <channel>
    <title>Tags on lisolaris&#39;s blog</title>
    <link>http://localhost:1313/tags/</link>
    <description>Recent content in Tags on lisolaris&#39;s blog</description>
    <image>
      <title>lisolaris&#39;s blog</title>
      <url>https://s.gravatar.com/avatar/ca6b899274fa556db7e5cf9c54325448</url>
      <link>https://s.gravatar.com/avatar/ca6b899274fa556db7e5cf9c54325448</link>
    </image>
    <generator>Hugo -- 0.144.0</generator>
    <language>zh-CN</language>
    <lastBuildDate>Wed, 19 Mar 2025 18:33:26 +0800</lastBuildDate>
    <atom:link href="http://localhost:1313/tags/index.xml" rel="self" type="application/rss+xml" />
    <item>
      <title>2025-03</title>
      <link>http://localhost:1313/tags/2025-03/</link>
      <pubDate>Wed, 19 Mar 2025 18:33:26 +0800</pubDate>
      <guid>http://localhost:1313/tags/2025-03/</guid>
      <description></description>
    </item>
    <item>
      <title>Hugo</title>
      <link>http://localhost:1313/tags/hugo/</link>
      <pubDate>Wed, 19 Mar 2025 18:33:26 +0800</pubDate>
      <guid>http://localhost:1313/tags/hugo/</guid>
      <description></description>
    </item>
    <item>
      <title>JavaScript</title>
      <link>http://localhost:1313/tags/javascript/</link>
      <pubDate>Wed, 19 Mar 2025 18:33:26 +0800</pubDate>
      <guid>http://localhost:1313/tags/javascript/</guid>
      <description></description>
    </item>
    <item>
      <title>PaperMod</title>
      <link>http://localhost:1313/tags/papermod/</link>
      <pubDate>Wed, 19 Mar 2025 18:33:26 +0800</pubDate>
      <guid>http://localhost:1313/tags/papermod/</guid>
      <description></description>
    </item>
    <item>
      <title>Cloudflare</title>
      <link>http://localhost:1313/tags/cloudflare/</link>
      <pubDate>Tue, 18 Mar 2025 00:50:15 +0800</pubDate>
      <guid>http://localhost:1313/tags/cloudflare/</guid>
      <description></description>
    </item>
    <item>
      <title>杂谈</title>
      <link>http://localhost:1313/tags/%E6%9D%82%E8%B0%88/</link>
      <pubDate>Tue, 18 Mar 2025 00:50:15 +0800</pubDate>
      <guid>http://localhost:1313/tags/%E6%9D%82%E8%B0%88/</guid>
      <description></description>
    </item>
    <item>
      <title>深夜闲谈</title>
      <link>http://localhost:1313/tags/%E6%B7%B1%E5%A4%9C%E9%97%B2%E8%B0%88/</link>
      <pubDate>Tue, 18 Mar 2025 00:50:15 +0800</pubDate>
      <guid>http://localhost:1313/tags/%E6%B7%B1%E5%A4%9C%E9%97%B2%E8%B0%88/</guid>
      <description></description>
    </item>
    <item>
      <title>复习</title>
      <link>http://localhost:1313/tags/%E5%A4%8D%E4%B9%A0/</link>
      <pubDate>Mon, 17 Mar 2025 16:43:01 +0800</pubDate>
      <guid>http://localhost:1313/tags/%E5%A4%8D%E4%B9%A0/</guid>
      <description></description>
    </item>
    <item>
      <title>学习笔记</title>
      <link>http://localhost:1313/tags/%E5%AD%A6%E4%B9%A0%E7%AC%94%E8%AE%B0/</link>
      <pubDate>Mon, 17 Mar 2025 16:43:01 +0800</pubDate>
      <guid>http://localhost:1313/tags/%E5%AD%A6%E4%B9%A0%E7%AC%94%E8%AE%B0/</guid>
      <description></description>
    </item>
    <item>
      <title>拉普拉斯变换</title>
      <link>http://localhost:1313/tags/%E6%8B%89%E6%99%AE%E6%8B%89%E6%96%AF%E5%8F%98%E6%8D%A2/</link>
      <pubDate>Mon, 17 Mar 2025 16:43:01 +0800</pubDate>
      <guid>http://localhost:1313/tags/%E6%8B%89%E6%99%AE%E6%8B%89%E6%96%AF%E5%8F%98%E6%8D%A2/</guid>
      <description></description>
    </item>
    <item>
      <title>控制理论</title>
      <link>http://localhost:1313/tags/%E6%8E%A7%E5%88%B6%E7%90%86%E8%AE%BA/</link>
      <pubDate>Mon, 17 Mar 2025 16:43:01 +0800</pubDate>
      <guid>http://localhost:1313/tags/%E6%8E%A7%E5%88%B6%E7%90%86%E8%AE%BA/</guid>
      <description></description>
    </item>
    <item>
      <title>自动控制原理</title>
      <link>http://localhost:1313/tags/%E8%87%AA%E5%8A%A8%E6%8E%A7%E5%88%B6%E5%8E%9F%E7%90%86/</link>
      <pubDate>Mon, 17 Mar 2025 16:43:01 +0800</pubDate>
      <guid>http://localhost:1313/tags/%E8%87%AA%E5%8A%A8%E6%8E%A7%E5%88%B6%E5%8E%9F%E7%90%86/</guid>
      <description></description>
    </item>
    <item>
      <title>2025-02</title>
      <link>http://localhost:1313/tags/2025-02/</link>
      <pubDate>Tue, 18 Feb 2025 02:06:51 +0800</pubDate>
      <guid>http://localhost:1313/tags/2025-02/</guid>
      <description></description>
    </item>
    <item>
      <title>DIY</title>
      <link>http://localhost:1313/tags/diy/</link>
      <pubDate>Sat, 15 Feb 2025 18:30:41 +0800</pubDate>
      <guid>http://localhost:1313/tags/diy/</guid>
      <description></description>
    </item>
    <item>
      <title>NVIDIA</title>
      <link>http://localhost:1313/tags/nvidia/</link>
      <pubDate>Sat, 15 Feb 2025 18:30:41 +0800</pubDate>
      <guid>http://localhost:1313/tags/nvidia/</guid>
      <description></description>
    </item>
    <item>
      <title>魔改</title>
      <link>http://localhost:1313/tags/%E9%AD%94%E6%94%B9/</link>
      <pubDate>Sat, 15 Feb 2025 18:30:41 +0800</pubDate>
      <guid>http://localhost:1313/tags/%E9%AD%94%E6%94%B9/</guid>
      <description></description>
    </item>
    <item>
      <title>2024-12</title>
      <link>http://localhost:1313/tags/2024-12/</link>
      <pubDate>Fri, 27 Dec 2024 00:35:30 +0800</pubDate>
      <guid>http://localhost:1313/tags/2024-12/</guid>
      <description></description>
    </item>
    <item>
      <title>HAM</title>
      <link>http://localhost:1313/tags/ham/</link>
      <pubDate>Fri, 27 Dec 2024 00:35:30 +0800</pubDate>
      <guid>http://localhost:1313/tags/ham/</guid>
      <description></description>
    </item>
    <item>
      <title>业余无线电</title>
      <link>http://localhost:1313/tags/%E4%B8%9A%E4%BD%99%E6%97%A0%E7%BA%BF%E7%94%B5/</link>
      <pubDate>Fri, 27 Dec 2024 00:35:30 +0800</pubDate>
      <guid>http://localhost:1313/tags/%E4%B8%9A%E4%BD%99%E6%97%A0%E7%BA%BF%E7%94%B5/</guid>
      <description></description>
    </item>
    <item>
      <title>教程</title>
      <link>http://localhost:1313/tags/%E6%95%99%E7%A8%8B/</link>
      <pubDate>Fri, 27 Dec 2024 00:35:30 +0800</pubDate>
      <guid>http://localhost:1313/tags/%E6%95%99%E7%A8%8B/</guid>
      <description></description>
    </item>
    <item>
      <title>2024-07</title>
      <link>http://localhost:1313/tags/2024-07/</link>
      <pubDate>Thu, 29 Aug 2024 14:32:33 +0800</pubDate>
      <guid>http://localhost:1313/tags/2024-07/</guid>
      <description></description>
    </item>
    <item>
      <title>MFF</title>
      <link>http://localhost:1313/tags/mff/</link>
      <pubDate>Thu, 29 Aug 2024 14:32:33 +0800</pubDate>
      <guid>http://localhost:1313/tags/mff/</guid>
      <description></description>
    </item>
    <item>
      <title>2024-06</title>
      <link>http://localhost:1313/tags/2024-06/</link>
      <pubDate>Wed, 26 Jun 2024 18:59:24 +0800</pubDate>
      <guid>http://localhost:1313/tags/2024-06/</guid>
      <description></description>
    </item>
    <item>
      <title>油猴</title>
      <link>http://localhost:1313/tags/%E6%B2%B9%E7%8C%B4/</link>
      <pubDate>Wed, 26 Jun 2024 18:59:24 +0800</pubDate>
      <guid>http://localhost:1313/tags/%E6%B2%B9%E7%8C%B4/</guid>
      <description></description>
    </item>
    <item>
      <title>知乎</title>
      <link>http://localhost:1313/tags/%E7%9F%A5%E4%B9%8E/</link>
      <pubDate>Wed, 26 Jun 2024 18:59:24 +0800</pubDate>
      <guid>http://localhost:1313/tags/%E7%9F%A5%E4%B9%8E/</guid>
      <description></description>
    </item>
    <item>
      <title>2024-03</title>
      <link>http://localhost:1313/tags/2024-03/</link>
      <pubDate>Fri, 22 Mar 2024 16:22:45 +0800</pubDate>
      <guid>http://localhost:1313/tags/2024-03/</guid>
      <description></description>
    </item>
    <item>
      <title>C&#43;&#43;</title>
      <link>http://localhost:1313/tags/c&#43;&#43;/</link>
      <pubDate>Fri, 22 Mar 2024 16:22:45 +0800</pubDate>
      <guid>http://localhost:1313/tags/c&#43;&#43;/</guid>
      <description></description>
    </item>
    <item>
      <title>笔记本</title>
      <link>http://localhost:1313/tags/%E7%AC%94%E8%AE%B0%E6%9C%AC/</link>
      <pubDate>Fri, 22 Mar 2024 16:22:45 +0800</pubDate>
      <guid>http://localhost:1313/tags/%E7%AC%94%E8%AE%B0%E6%9C%AC/</guid>
      <description></description>
    </item>
    <item>
      <title>键盘</title>
      <link>http://localhost:1313/tags/%E9%94%AE%E7%9B%98/</link>
      <pubDate>Fri, 22 Mar 2024 16:22:45 +0800</pubDate>
      <guid>http://localhost:1313/tags/%E9%94%AE%E7%9B%98/</guid>
      <description></description>
    </item>
    <item>
      <title>2023-03</title>
      <link>http://localhost:1313/tags/2023-03/</link>
      <pubDate>Tue, 14 Mar 2023 20:40:35 +0800</pubDate>
      <guid>http://localhost:1313/tags/2023-03/</guid>
      <description></description>
    </item>
    <item>
      <title>Minecraft</title>
      <link>http://localhost:1313/tags/minecraft/</link>
      <pubDate>Tue, 14 Mar 2023 20:40:35 +0800</pubDate>
      <guid>http://localhost:1313/tags/minecraft/</guid>
      <description></description>
    </item>
    <item>
      <title>内网穿透</title>
      <link>http://localhost:1313/tags/%E5%86%85%E7%BD%91%E7%A9%BF%E9%80%8F/</link>
      <pubDate>Tue, 14 Mar 2023 20:40:35 +0800</pubDate>
      <guid>http://localhost:1313/tags/%E5%86%85%E7%BD%91%E7%A9%BF%E9%80%8F/</guid>
      <description></description>
    </item>
  </channel>
</rss>
