<?xml version="1.0" encoding="utf-8" standalone="yes"?>
<rss version="2.0" xmlns:atom="http://www.w3.org/2005/Atom" xmlns:content="http://purl.org/rss/1.0/modules/content/">
  <channel>
    <title>C&#43;&#43; on lisolaris&#39;s blog</title>
    <link>http://localhost:1313/tags/c&#43;&#43;/</link>
    <description>Recent content in C&#43;&#43; on lisolaris&#39;s blog</description>
    <image>
      <title>lisolaris&#39;s blog</title>
      <url>https://s.gravatar.com/avatar/ca6b899274fa556db7e5cf9c54325448</url>
      <link>https://s.gravatar.com/avatar/ca6b899274fa556db7e5cf9c54325448</link>
    </image>
    <generator>Hugo -- 0.144.0</generator>
    <language>zh-CN</language>
    <lastBuildDate>Fri, 22 Mar 2024 16:22:45 +0800</lastBuildDate>
    <atom:link href="http://localhost:1313/tags/c++/index.xml" rel="self" type="application/rss+xml" />
    <item>
      <title>使用LockWorkStation让笔记本的可编程按键发挥作用</title>
      <link>http://localhost:1313/articles/2024/03/programming-key-on-laptop-as-lockscreen-key/</link>
      <pubDate>Fri, 22 Mar 2024 16:22:45 +0800</pubDate>
      <guid>http://localhost:1313/articles/2024/03/programming-key-on-laptop-as-lockscreen-key/</guid>
      <description>&lt;p&gt;总感觉已经许久没有写过blog了……虽然有在给域名续费，但都做的是DDNS方面的用途（顺便推荐一下Cloudflare的DNS解析服务，虽然在国内比较慢但还算方便）。写这个文章主要是想起来之前曾就怎么利用惠普笔记本上自带的F12可编程按键（可以通过系统中的HP Progrommable Key的UWP程序来编辑功能）实现按下即锁定计算机折腾过一番，特来灌水一篇（&lt;/p&gt;</description>
    </item>
  </channel>
</rss>
