<?xml version="1.0" encoding="utf-8" standalone="yes"?>
<rss version="2.0" xmlns:atom="http://www.w3.org/2005/Atom" xmlns:content="http://purl.org/rss/1.0/modules/content/">
  <channel>
    <title>Cloudflare on lisolaris&#39;s blog</title>
    <link>http://localhost:1313/tags/cloudflare/</link>
    <description>Recent content in Cloudflare on lisolaris&#39;s blog</description>
    <image>
      <title>lisolaris&#39;s blog</title>
      <url>https://s.gravatar.com/avatar/ca6b899274fa556db7e5cf9c54325448</url>
      <link>https://s.gravatar.com/avatar/ca6b899274fa556db7e5cf9c54325448</link>
    </image>
    <generator>Hugo -- 0.144.0</generator>
    <language>zh-CN</language>
    <lastBuildDate>Tue, 18 Mar 2025 00:50:15 +0800</lastBuildDate>
    <atom:link href="http://localhost:1313/tags/cloudflare/index.xml" rel="self" type="application/rss+xml" />
    <item>
      <title>深夜闲谈 0x02</title>
      <link>http://localhost:1313/articles/2025/03/midnight-chat-0x02/</link>
      <pubDate>Tue, 18 Mar 2025 00:50:15 +0800</pubDate>
      <guid>http://localhost:1313/articles/2025/03/midnight-chat-0x02/</guid>
      <description>&lt;h3 id=&#34;0x02&#34;&gt;0x02&lt;/h3&gt;
&lt;p&gt;又到了晚上闲谈时间——&lt;/p&gt;
&lt;p&gt;打算重新把自动控制原理捡起来，虽然以前学过但总归是印象不深，现在打算再照着课本复习一遍，顺便把以前学习时的心得体会记录在博客上。其实这门学科可以说是工科课程的代表：用（相对来说）不那么严谨的数学去解决具有强现实意义的工程问题，同一个问题可以有许多方法相互验证，殊途同归，当然还少不了大量充满奇怪参数的经验公式XD&lt;/p&gt;</description>
    </item>
  </channel>
</rss>
